{"10": -0.28139809668064103, "20": 0.09856240153312687, "30": 0.2986749291419983, "40": 0.5097924947738649, "50": 0.7126469016075134, "60": 0.897820210456848, "70": 1.1544970512390134, "80": 1.3917314052581788, "90": 1.6006505370140076}